PassengerId,Survived,Pclass,Sex,Age,SibSp,Parch,Fare,Cabin,Embarked,Age_binned,FamTot
1,0.0,3,male,22.0,1,0,7.25,NC,S,20-40,2
2,1.0,1,female,38.0,1,0,71.2833,C85,C,20-40,2
3,1.0,3,female,26.0,0,0,7.925,NC,S,20-40,1
4,1.0,1,female,35.0,1,0,53.1,C123,S,20-40,2
5,0.0,3,male,35.0,0,0,8.05,NC,S,20-40,1
6,0.0,3,male,29.881137667304014,0,0,8.4583,NC,Q,20-40,1
7,0.0,1,male,54.0,0,0,51.8625,E46,S,40-60,1
8,0.0,3,male,2.0,3,1,21.075,NC,S,0-20,5
9,1.0,3,female,27.0,0,2,11.1333,NC,S,20-40,3
10,1.0,2,female,14.0,1,0,30.0708,NC,C,0-20,2
11,1.0,3,female,4.0,1,1,16.7,G6,S,0-20,3
12,1.0,1,female,58.0,0,0,26.55,C103,S,40-60,1
13,0.0,3,male,20.0,0,0,8.05,NC,S,0-20,1
14,0.0,3,male,39.0,1,5,31.275,NC,S,20-40,7
15,0.0,3,female,14.0,0,0,7.8542,NC,S,0-20,1
16,1.0,2,female,55.0,0,0,16.0,NC,S,40-60,1
17,0.0,3,male,2.0,4,1,29.125,NC,Q,0-20,6
18,1.0,2,male,29.881137667304014,0,0,13.0,NC,S,20-40,1
19,0.0,3,female,31.0,1,0,18.0,NC,S,20-40,2
20,1.0,3,female,29.881137667304014,0,0,7.225,NC,C,20-40,1
21,0.0,2,male,35.0,0,0,26.0,NC,S,20-40,1
22,1.0,2,male,34.0,0,0,13.0,D56,S,20-40,1
23,1.0,3,female,15.0,0,0,8.0292,NC,Q,0-20,1
24,1.0,1,male,28.0,0,0,35.5,A6,S,20-40,1
25,0.0,3,female,8.0,3,1,21.075,NC,S,0-20,5
26,1.0,3,female,38.0,1,5,31.3875,NC,S,20-40,7
27,0.0,3,male,29.881137667304014,0,0,7.225,NC,C,20-40,1
28,0.0,1,male,19.0,3,2,263.0,C23 C25 C27,S,0-20,6
29,1.0,3,female,29.881137667304014,0,0,7.8792,NC,Q,20-40,1
30,0.0,3,male,29.881137667304014,0,0,7.8958,NC,S,20-40,1
31,0.0,1,male,40.0,0,0,27.7208,NC,C,20-40,1
32,1.0,1,female,29.881137667304014,1,0,146.5208,B78,C,20-40,2
33,1.0,3,female,29.881137667304014,0,0,7.75,NC,Q,20-40,1
34,0.0,2,male,66.0,0,0,10.5,NC,S,60-80,1
35,0.0,1,male,28.0,1,0,82.1708,NC,C,20-40,2
36,0.0,1,male,42.0,1,0,52.0,NC,S,40-60,2
37,1.0,3,male,29.881137667304014,0,0,7.2292,NC,C,20-40,1
38,0.0,3,male,21.0,0,0,8.05,NC,S,20-40,1
39,0.0,3,female,18.0,2,0,18.0,NC,S,0-20,3
40,1.0,3,female,14.0,1,0,11.2417,NC,C,0-20,2
41,0.0,3,female,40.0,1,0,9.475,NC,S,20-40,2
42,0.0,2,female,27.0,1,0,21.0,NC,S,20-40,2
43,0.0,3,male,29.881137667304014,0,0,7.8958,NC,C,20-40,1
44,1.0,2,female,3.0,1,2,41.5792,NC,C,0-20,4
45,1.0,3,female,19.0,0,0,7.8792,NC,Q,0-20,1
46,0.0,3,male,29.881137667304014,0,0,8.05,NC,S,20-40,1
47,0.0,3,male,29.881137667304014,1,0,15.5,NC,Q,20-40,2
48,1.0,3,female,29.881137667304014,0,0,7.75,NC,Q,20-40,1
49,0.0,3,male,29.881137667304014,2,0,21.6792,NC,C,20-40,3
50,0.0,3,female,18.0,1,0,17.8,NC,S,0-20,2
51,0.0,3,male,7.0,4,1,39.6875,NC,S,0-20,6
52,0.0,3,male,21.0,0,0,7.8,NC,S,20-40,1
53,1.0,1,female,49.0,1,0,76.7292,D33,C,40-60,2
54,1.0,2,female,29.0,1,0,26.0,NC,S,20-40,2
55,0.0,1,male,65.0,0,1,61.9792,B30,C,60-80,2
56,1.0,1,male,29.881137667304014,0,0,35.5,C52,S,20-40,1
57,1.0,2,female,21.0,0,0,10.5,NC,S,20-40,1
58,0.0,3,male,28.5,0,0,7.2292,NC,C,20-40,1
59,1.0,2,female,5.0,1,2,27.75,NC,S,0-20,4
60,0.0,3,male,11.0,5,2,46.9,NC,S,0-20,8
61,0.0,3,male,22.0,0,0,7.2292,NC,C,20-40,1
62,1.0,1,female,38.0,0,0,80.0,B28,S,20-40,1
63,0.0,1,male,45.0,1,0,83.475,C83,S,40-60,2
64,0.0,3,male,4.0,3,2,27.9,NC,S,0-20,6
65,0.0,1,male,29.881137667304014,0,0,27.7208,NC,C,20-40,1
66,1.0,3,male,29.881137667304014,1,1,15.2458,NC,C,20-40,3
67,1.0,2,female,29.0,0,0,10.5,F33,S,20-40,1
68,0.0,3,male,19.0,0,0,8.1583,NC,S,0-20,1
69,1.0,3,female,17.0,4,2,7.925,NC,S,0-20,7
70,0.0,3,male,26.0,2,0,8.6625,NC,S,20-40,3
71,0.0,2,male,32.0,0,0,10.5,NC,S,20-40,1
72,0.0,3,female,16.0,5,2,46.9,NC,S,0-20,8
73,0.0,2,male,21.0,0,0,73.5,NC,S,20-40,1
74,0.0,3,male,26.0,1,0,14.4542,NC,C,20-40,2
75,1.0,3,male,32.0,0,0,56.4958,NC,S,20-40,1
76,0.0,3,male,25.0,0,0,7.65,F G73,S,20-40,1
77,0.0,3,male,29.881137667304014,0,0,7.8958,NC,S,20-40,1
78,0.0,3,male,29.881137667304014,0,0,8.05,NC,S,20-40,1
79,1.0,2,male,0.83,0,2,29.0,NC,S,0-20,3
80,1.0,3,female,30.0,0,0,12.475,NC,S,20-40,1
81,0.0,3,male,22.0,0,0,9.0,NC,S,20-40,1
82,1.0,3,male,29.0,0,0,9.5,NC,S,20-40,1
83,1.0,3,female,29.881137667304014,0,0,7.7875,NC,Q,20-40,1
84,0.0,1,male,28.0,0,0,47.1,NC,S,20-40,1
85,1.0,2,female,17.0,0,0,10.5,NC,S,0-20,1
86,1.0,3,female,33.0,3,0,15.85,NC,S,20-40,4
87,0.0,3,male,16.0,1,3,34.375,NC,S,0-20,5
88,0.0,3,male,29.881137667304014,0,0,8.05,NC,S,20-40,1
89,1.0,1,female,23.0,3,2,263.0,C23 C25 C27,S,20-40,6
90,0.0,3,male,24.0,0,0,8.05,NC,S,20-40,1
91,0.0,3,male,29.0,0,0,8.05,NC,S,20-40,1
92,0.0,3,male,20.0,0,0,7.8542,NC,S,0-20,1
93,0.0,1,male,46.0,1,0,61.175,E31,S,40-60,2
94,0.0,3,male,26.0,1,2,20.575,NC,S,20-40,4
95,0.0,3,male,59.0,0,0,7.25,NC,S,40-60,1
96,0.0,3,male,29.881137667304014,0,0,8.05,NC,S,20-40,1
97,0.0,1,male,71.0,0,0,34.6542,A5,C,60-80,1
98,1.0,1,male,23.0,0,1,63.3583,D10 D12,C,20-40,2
99,1.0,2,female,34.0,0,1,23.0,NC,S,20-40,2
100,0.0,2,male,34.0,1,0,26.0,NC,S,20-40,2
101,0.0,3,female,28.0,0,0,7.8958,NC,S,20-40,1
102,0.0,3,male,29.881137667304014,0,0,7.8958,NC,S,20-40,1
103,0.0,1,male,21.0,0,1,77.2875,D26,S,20-40,2
104,0.0,3,male,33.0,0,0,8.6542,NC,S,20-40,1
105,0.0,3,male,37.0,2,0,7.925,NC,S,20-40,3
106,0.0,3,male,28.0,0,0,7.8958,NC,S,20-40,1
107,1.0,3,female,21.0,0,0,7.65,NC,S,20-40,1
108,1.0,3,male,29.881137667304014,0,0,7.775,NC,S,20-40,1
109,0.0,3,male,38.0,0,0,7.8958,NC,S,20-40,1
110,1.0,3,female,29.881137667304014,1,0,24.15,NC,Q,20-40,2
111,0.0,1,male,47.0,0,0,52.0,C110,S,40-60,1
112,0.0,3,female,14.5,1,0,14.4542,NC,C,0-20,2
113,0.0,3,male,22.0,0,0,8.05,NC,S,20-40,1
114,0.0,3,female,20.0,1,0,9.825,NC,S,0-20,2
115,0.0,3,female,17.0,0,0,14.4583,NC,C,0-20,1
116,0.0,3,male,21.0,0,0,7.925,NC,S,20-40,1
117,0.0,3,male,70.5,0,0,7.75,NC,Q,60-80,1
118,0.0,2,male,29.0,1,0,21.0,NC,S,20-40,2
119,0.0,1,male,24.0,0,1,247.5208,B58 B60,C,20-40,2
120,0.0,3,female,2.0,4,2,31.275,NC,S,0-20,7
121,0.0,2,male,21.0,2,0,73.5,NC,S,20-40,3
122,0.0,3,male,29.881137667304014,0,0,8.05,NC,S,20-40,1
123,0.0,2,male,32.5,1,0,30.0708,NC,C,20-40,2
124,1.0,2,female,32.5,0,0,13.0,E101,S,20-40,1
125,0.0,1,male,54.0,0,1,77.2875,D26,S,40-60,2
126,1.0,3,male,12.0,1,0,11.2417,NC,C,0-20,2
127,0.0,3,male,29.881137667304014,0,0,7.75,NC,Q,20-40,1
128,1.0,3,male,24.0,0,0,7.1417,NC,S,20-40,1
129,1.0,3,female,29.881137667304014,1,1,22.3583,F E69,C,20-40,3
130,0.0,3,male,45.0,0,0,6.975,NC,S,40-60,1
131,0.0,3,male,33.0,0,0,7.8958,NC,C,20-40,1
132,0.0,3,male,20.0,0,0,7.05,NC,S,0-20,1
133,0.0,3,female,47.0,1,0,14.5,NC,S,40-60,2
134,1.0,2,female,29.0,1,0,26.0,NC,S,20-40,2
135,0.0,2,male,25.0,0,0,13.0,NC,S,20-40,1
136,0.0,2,male,23.0,0,0,15.0458,NC,C,20-40,1
137,1.0,1,female,19.0,0,2,26.2833,D47,S,0-20,3
138,0.0,1,male,37.0,1,0,53.1,C123,S,20-40,2
139,0.0,3,male,16.0,0,0,9.2167,NC,S,0-20,1
140,0.0,1,male,24.0,0,0,79.2,B86,C,20-40,1
141,0.0,3,female,29.881137667304014,0,2,15.2458,NC,C,20-40,3
142,1.0,3,female,22.0,0,0,7.75,NC,S,20-40,1
143,1.0,3,female,24.0,1,0,15.85,NC,S,20-40,2
144,0.0,3,male,19.0,0,0,6.75,NC,Q,0-20,1
145,0.0,2,male,18.0,0,0,11.5,NC,S,0-20,1
146,0.0,2,male,19.0,1,1,36.75,NC,S,0-20,3
147,1.0,3,male,27.0,0,0,7.7958,NC,S,20-40,1
148,0.0,3,female,9.0,2,2,34.375,NC,S,0-20,5
149,0.0,2,male,36.5,0,2,26.0,F2,S,20-40,3
150,0.0,2,male,42.0,0,0,13.0,NC,S,40-60,1
151,0.0,2,male,51.0,0,0,12.525,NC,S,40-60,1
152,1.0,1,female,22.0,1,0,66.6,C2,S,20-40,2
153,0.0,3,male,55.5,0,0,8.05,NC,S,40-60,1
154,0.0,3,male,40.5,0,2,14.5,NC,S,40-60,3
155,0.0,3,male,29.881137667304014,0,0,7.3125,NC,S,20-40,1
156,0.0,1,male,51.0,0,1,61.3792,NC,C,40-60,2
157,1.0,3,female,16.0,0,0,7.7333,NC,Q,0-20,1
158,0.0,3,male,30.0,0,0,8.05,NC,S,20-40,1
159,0.0,3,male,29.881137667304014,0,0,8.6625,NC,S,20-40,1
160,0.0,3,male,29.881137667304014,8,2,69.55,NC,S,20-40,11
161,0.0,3,male,44.0,0,1,16.1,NC,S,40-60,2
162,1.0,2,female,40.0,0,0,15.75,NC,S,20-40,1
163,0.0,3,male,26.0,0,0,7.775,NC,S,20-40,1
164,0.0,3,male,17.0,0,0,8.6625,NC,S,0-20,1
165,0.0,3,male,1.0,4,1,39.6875,NC,S,0-20,6
166,1.0,3,male,9.0,0,2,20.525,NC,S,0-20,3
167,1.0,1,female,29.881137667304014,0,1,55.0,E33,S,20-40,2
168,0.0,3,female,45.0,1,4,27.9,NC,S,40-60,6
169,0.0,1,male,29.881137667304014,0,0,25.925,NC,S,20-40,1
170,0.0,3,male,28.0,0,0,56.4958,NC,S,20-40,1
171,0.0,1,male,61.0,0,0,33.5,B19,S,60-80,1
172,0.0,3,male,4.0,4,1,29.125,NC,Q,0-20,6
173,1.0,3,female,1.0,1,1,11.1333,NC,S,0-20,3
174,0.0,3,male,21.0,0,0,7.925,NC,S,20-40,1
175,0.0,1,male,56.0,0,0,30.6958,A7,C,40-60,1
176,0.0,3,male,18.0,1,1,7.8542,NC,S,0-20,3
177,0.0,3,male,29.881137667304014,3,1,25.4667,NC,S,20-40,5
178,0.0,1,female,50.0,0,0,28.7125,C49,C,40-60,1
179,0.0,2,male,30.0,0,0,13.0,NC,S,20-40,1
180,0.0,3,male,36.0,0,0,0.0,NC,S,20-40,1
181,0.0,3,female,29.881137667304014,8,2,69.55,NC,S,20-40,11
182,0.0,2,male,29.881137667304014,0,0,15.05,NC,C,20-40,1
183,0.0,3,male,9.0,4,2,31.3875,NC,S,0-20,7
184,1.0,2,male,1.0,2,1,39.0,F4,S,0-20,4
185,1.0,3,female,4.0,0,2,22.025,NC,S,0-20,3
186,0.0,1,male,29.881137667304014,0,0,50.0,A32,S,20-40,1
187,1.0,3,female,29.881137667304014,1,0,15.5,NC,Q,20-40,2
188,1.0,1,male,45.0,0,0,26.55,NC,S,40-60,1
189,0.0,3,male,40.0,1,1,15.5,NC,Q,20-40,3
190,0.0,3,male,36.0,0,0,7.8958,NC,S,20-40,1
191,1.0,2,female,32.0,0,0,13.0,NC,S,20-40,1
192,0.0,2,male,19.0,0,0,13.0,NC,S,0-20,1
193,1.0,3,female,19.0,1,0,7.8542,NC,S,0-20,2
194,1.0,2,male,3.0,1,1,26.0,F2,S,0-20,3
195,1.0,1,female,44.0,0,0,27.7208,B4,C,40-60,1
196,1.0,1,female,58.0,0,0,146.5208,B80,C,40-60,1
197,0.0,3,male,29.881137667304014,0,0,7.75,NC,Q,20-40,1
198,0.0,3,male,42.0,0,1,8.4042,NC,S,40-60,2
199,1.0,3,female,29.881137667304014,0,0,7.75,NC,Q,20-40,1
200,0.0,2,female,24.0,0,0,13.0,NC,S,20-40,1
201,0.0,3,male,28.0,0,0,9.5,NC,S,20-40,1
202,0.0,3,male,29.881137667304014,8,2,69.55,NC,S,20-40,11
203,0.0,3,male,34.0,0,0,6.4958,NC,S,20-40,1
204,0.0,3,male,45.5,0,0,7.225,NC,C,40-60,1
205,1.0,3,male,18.0,0,0,8.05,NC,S,0-20,1
206,0.0,3,female,2.0,0,1,10.4625,G6,S,0-20,2
207,0.0,3,male,32.0,1,0,15.85,NC,S,20-40,2
208,1.0,3,male,26.0,0,0,18.7875,NC,C,20-40,1
209,1.0,3,female,16.0,0,0,7.75,NC,Q,0-20,1
210,1.0,1,male,40.0,0,0,31.0,A31,C,20-40,1
211,0.0,3,male,24.0,0,0,7.05,NC,S,20-40,1
212,1.0,2,female,35.0,0,0,21.0,NC,S,20-40,1
213,0.0,3,male,22.0,0,0,7.25,NC,S,20-40,1
214,0.0,2,male,30.0,0,0,13.0,NC,S,20-40,1
215,0.0,3,male,29.881137667304014,1,0,7.75,NC,Q,20-40,2
216,1.0,1,female,31.0,1,0,113.275,D36,C,20-40,2
217,1.0,3,female,27.0,0,0,7.925,NC,S,20-40,1
218,0.0,2,male,42.0,1,0,27.0,NC,S,40-60,2
219,1.0,1,female,32.0,0,0,76.2917,D15,C,20-40,1
220,0.0,2,male,30.0,0,0,10.5,NC,S,20-40,1
221,1.0,3,male,16.0,0,0,8.05,NC,S,0-20,1
222,0.0,2,male,27.0,0,0,13.0,NC,S,20-40,1
223,0.0,3,male,51.0,0,0,8.05,NC,S,40-60,1
224,0.0,3,male,29.881137667304014,0,0,7.8958,NC,S,20-40,1
225,1.0,1,male,38.0,1,0,90.0,C93,S,20-40,2
226,0.0,3,male,22.0,0,0,9.35,NC,S,20-40,1
227,1.0,2,male,19.0,0,0,10.5,NC,S,0-20,1
228,0.0,3,male,20.5,0,0,7.25,NC,S,20-40,1
229,0.0,2,male,18.0,0,0,13.0,NC,S,0-20,1
230,0.0,3,female,29.881137667304014,3,1,25.4667,NC,S,20-40,5
231,1.0,1,female,35.0,1,0,83.475,C83,S,20-40,2
232,0.0,3,male,29.0,0,0,7.775,NC,S,20-40,1
233,0.0,2,male,59.0,0,0,13.5,NC,S,40-60,1
234,1.0,3,female,5.0,4,2,31.3875,NC,S,0-20,7
235,0.0,2,male,24.0,0,0,10.5,NC,S,20-40,1
236,0.0,3,female,29.881137667304014,0,0,7.55,NC,S,20-40,1
237,0.0,2,male,44.0,1,0,26.0,NC,S,40-60,2
238,1.0,2,female,8.0,0,2,26.25,NC,S,0-20,3
239,0.0,2,male,19.0,0,0,10.5,NC,S,0-20,1
240,0.0,2,male,33.0,0,0,12.275,NC,S,20-40,1
241,0.0,3,female,29.881137667304014,1,0,14.4542,NC,C,20-40,2
242,1.0,3,female,29.881137667304014,1,0,15.5,NC,Q,20-40,2
243,0.0,2,male,29.0,0,0,10.5,NC,S,20-40,1
244,0.0,3,male,22.0,0,0,7.125,NC,S,20-40,1
245,0.0,3,male,30.0,0,0,7.225,NC,C,20-40,1
246,0.0,1,male,44.0,2,0,90.0,C78,Q,40-60,3
247,0.0,3,female,25.0,0,0,7.775,NC,S,20-40,1
248,1.0,2,female,24.0,0,2,14.5,NC,S,20-40,3
249,1.0,1,male,37.0,1,1,52.5542,D35,S,20-40,3
250,0.0,2,male,54.0,1,0,26.0,NC,S,40-60,2
251,0.0,3,male,29.881137667304014,0,0,7.25,NC,S,20-40,1
252,0.0,3,female,29.0,1,1,10.4625,G6,S,20-40,3
253,0.0,1,male,62.0,0,0,26.55,C87,S,60-80,1
254,0.0,3,male,30.0,1,0,16.1,NC,S,20-40,2
255,0.0,3,female,41.0,0,2,20.2125,NC,S,40-60,3
256,1.0,3,female,29.0,0,2,15.2458,NC,C,20-40,3
257,1.0,1,female,29.881137667304014,0,0,79.2,NC,C,20-40,1
258,1.0,1,female,30.0,0,0,86.5,B77,S,20-40,1
259,1.0,1,female,35.0,0,0,512.3292,NC,C,20-40,1
260,1.0,2,female,50.0,0,1,26.0,NC,S,40-60,2
261,0.0,3,male,29.881137667304014,0,0,7.75,NC,Q,20-40,1
262,1.0,3,male,3.0,4,2,31.3875,NC,S,0-20,7
263,0.0,1,male,52.0,1,1,79.65,E67,S,40-60,3
264,0.0,1,male,40.0,0,0,0.0,B94,S,20-40,1
265,0.0,3,female,29.881137667304014,0,0,7.75,NC,Q,20-40,1
266,0.0,2,male,36.0,0,0,10.5,NC,S,20-40,1
267,0.0,3,male,16.0,4,1,39.6875,NC,S,0-20,6
268,1.0,3,male,25.0,1,0,7.775,NC,S,20-40,2
269,1.0,1,female,58.0,0,1,153.4625,C125,S,40-60,2
270,1.0,1,female,35.0,0,0,135.6333,C99,S,20-40,1
271,0.0,1,male,29.881137667304014,0,0,31.0,NC,S,20-40,1
272,1.0,3,male,25.0,0,0,0.0,NC,S,20-40,1
273,1.0,2,female,41.0,0,1,19.5,NC,S,40-60,2
274,0.0,1,male,37.0,0,1,29.7,C118,C,20-40,2
275,1.0,3,female,29.881137667304014,0,0,7.75,NC,Q,20-40,1
276,1.0,1,female,63.0,1,0,77.9583,D7,S,60-80,2
277,0.0,3,female,45.0,0,0,7.75,NC,S,40-60,1
278,0.0,2,male,29.881137667304014,0,0,0.0,NC,S,20-40,1
279,0.0,3,male,7.0,4,1,29.125,NC,Q,0-20,6
280,1.0,3,female,35.0,1,1,20.25,NC,S,20-40,3
281,0.0,3,male,65.0,0,0,7.75,NC,Q,60-80,1
282,0.0,3,male,28.0,0,0,7.8542,NC,S,20-40,1
283,0.0,3,male,16.0,0,0,9.5,NC,S,0-20,1
284,1.0,3,male,19.0,0,0,8.05,NC,S,0-20,1
285,0.0,1,male,29.881137667304014,0,0,26.0,A19,S,20-40,1
286,0.0,3,male,33.0,0,0,8.6625,NC,C,20-40,1
287,1.0,3,male,30.0,0,0,9.5,NC,S,20-40,1
288,0.0,3,male,22.0,0,0,7.8958,NC,S,20-40,1
289,1.0,2,male,42.0,0,0,13.0,NC,S,40-60,1
290,1.0,3,female,22.0,0,0,7.75,NC,Q,20-40,1
291,1.0,1,female,26.0,0,0,78.85,NC,S,20-40,1
292,1.0,1,female,19.0,1,0,91.0792,B49,C,0-20,2
293,0.0,2,male,36.0,0,0,12.875,D,C,20-40,1
294,0.0,3,female,24.0,0,0,8.85,NC,S,20-40,1
295,0.0,3,male,24.0,0,0,7.8958,NC,S,20-40,1
296,0.0,1,male,29.881137667304014,0,0,27.7208,NC,C,20-40,1
297,0.0,3,male,23.5,0,0,7.2292,NC,C,20-40,1
298,0.0,1,female,2.0,1,2,151.55,C22 C26,S,0-20,4
299,1.0,1,male,29.881137667304014,0,0,30.5,C106,S,20-40,1
300,1.0,1,female,50.0,0,1,247.5208,B58 B60,C,40-60,2
301,1.0,3,female,29.881137667304014,0,0,7.75,NC,Q,20-40,1
302,1.0,3,male,29.881137667304014,2,0,23.25,NC,Q,20-40,3
303,0.0,3,male,19.0,0,0,0.0,NC,S,0-20,1
304,1.0,2,female,29.881137667304014,0,0,12.35,E101,Q,20-40,1
305,0.0,3,male,29.881137667304014,0,0,8.05,NC,S,20-40,1
306,1.0,1,male,0.92,1,2,151.55,C22 C26,S,0-20,4
307,1.0,1,female,29.881137667304014,0,0,110.8833,NC,C,20-40,1
308,1.0,1,female,17.0,1,0,108.9,C65,C,0-20,2
309,0.0,2,male,30.0,1,0,24.0,NC,C,20-40,2
310,1.0,1,female,30.0,0,0,56.9292,E36,C,20-40,1
311,1.0,1,female,24.0,0,0,83.1583,C54,C,20-40,1
312,1.0,1,female,18.0,2,2,262.375,B57 B59 B63 B66,C,0-20,5
313,0.0,2,female,26.0,1,1,26.0,NC,S,20-40,3
314,0.0,3,male,28.0,0,0,7.8958,NC,S,20-40,1
315,0.0,2,male,43.0,1,1,26.25,NC,S,40-60,3
316,1.0,3,female,26.0,0,0,7.8542,NC,S,20-40,1
317,1.0,2,female,24.0,1,0,26.0,NC,S,20-40,2
318,0.0,2,male,54.0,0,0,14.0,NC,S,40-60,1
319,1.0,1,female,31.0,0,2,164.8667,C7,S,20-40,3
320,1.0,1,female,40.0,1,1,134.5,E34,C,20-40,3
321,0.0,3,male,22.0,0,0,7.25,NC,S,20-40,1
322,0.0,3,male,27.0,0,0,7.8958,NC,S,20-40,1
323,1.0,2,female,30.0,0,0,12.35,NC,Q,20-40,1
324,1.0,2,female,22.0,1,1,29.0,NC,S,20-40,3
325,0.0,3,male,29.881137667304014,8,2,69.55,NC,S,20-40,11
326,1.0,1,female,36.0,0,0,135.6333,C32,C,20-40,1
327,0.0,3,male,61.0,0,0,6.2375,NC,S,60-80,1
328,1.0,2,female,36.0,0,0,13.0,D,S,20-40,1
329,1.0,3,female,31.0,1,1,20.525,NC,S,20-40,3
330,1.0,1,female,16.0,0,1,57.9792,B18,C,0-20,2
331,1.0,3,female,29.881137667304014,2,0,23.25,NC,Q,20-40,3
332,0.0,1,male,45.5,0,0,28.5,C124,S,40-60,1
333,0.0,1,male,38.0,0,1,153.4625,C91,S,20-40,2
334,0.0,3,male,16.0,2,0,18.0,NC,S,0-20,3
335,1.0,1,female,29.881137667304014,1,0,133.65,NC,S,20-40,2
336,0.0,3,male,29.881137667304014,0,0,7.8958,NC,S,20-40,1
337,0.0,1,male,29.0,1,0,66.6,C2,S,20-40,2
338,1.0,1,female,41.0,0,0,134.5,E40,C,40-60,1
339,1.0,3,male,45.0,0,0,8.05,NC,S,40-60,1
340,0.0,1,male,45.0,0,0,35.5,T,S,40-60,1
341,1.0,2,male,2.0,1,1,26.0,F2,S,0-20,3
342,1.0,1,female,24.0,3,2,263.0,C23 C25 C27,S,20-40,6
343,0.0,2,male,28.0,0,0,13.0,NC,S,20-40,1
344,0.0,2,male,25.0,0,0,13.0,NC,S,20-40,1
345,0.0,2,male,36.0,0,0,13.0,NC,S,20-40,1
346,1.0,2,female,24.0,0,0,13.0,F33,S,20-40,1
347,1.0,2,female,40.0,0,0,13.0,NC,S,20-40,1
348,1.0,3,female,29.881137667304014,1,0,16.1,NC,S,20-40,2
349,1.0,3,male,3.0,1,1,15.9,NC,S,0-20,3
350,0.0,3,male,42.0,0,0,8.6625,NC,S,40-60,1
351,0.0,3,male,23.0,0,0,9.225,NC,S,20-40,1
352,0.0,1,male,29.881137667304014,0,0,35.0,C128,S,20-40,1
353,0.0,3,male,15.0,1,1,7.2292,NC,C,0-20,3
354,0.0,3,male,25.0,1,0,17.8,NC,S,20-40,2
355,0.0,3,male,29.881137667304014,0,0,7.225,NC,C,20-40,1
356,0.0,3,male,28.0,0,0,9.5,NC,S,20-40,1
357,1.0,1,female,22.0,0,1,55.0,E33,S,20-40,2
358,0.0,2,female,38.0,0,0,13.0,NC,S,20-40,1
359,1.0,3,female,29.881137667304014,0,0,7.8792,NC,Q,20-40,1
360,1.0,3,female,29.881137667304014,0,0,7.8792,NC,Q,20-40,1
361,0.0,3,male,40.0,1,4,27.9,NC,S,20-40,6
362,0.0,2,male,29.0,1,0,27.7208,NC,C,20-40,2
363,0.0,3,female,45.0,0,1,14.4542,NC,C,40-60,2
364,0.0,3,male,35.0,0,0,7.05,NC,S,20-40,1
365,0.0,3,male,29.881137667304014,1,0,15.5,NC,Q,20-40,2
366,0.0,3,male,30.0,0,0,7.25,NC,S,20-40,1
367,1.0,1,female,60.0,1,0,75.25,D37,C,40-60,2
368,1.0,3,female,29.881137667304014,0,0,7.2292,NC,C,20-40,1
369,1.0,3,female,29.881137667304014,0,0,7.75,NC,Q,20-40,1
370,1.0,1,female,24.0,0,0,69.3,B35,C,20-40,1
371,1.0,1,male,25.0,1,0,55.4417,E50,C,20-40,2
372,0.0,3,male,18.0,1,0,6.4958,NC,S,0-20,2
373,0.0,3,male,19.0,0,0,8.05,NC,S,0-20,1
374,0.0,1,male,22.0,0,0,135.6333,NC,C,20-40,1
375,0.0,3,female,3.0,3,1,21.075,NC,S,0-20,5
376,1.0,1,female,29.881137667304014,1,0,82.1708,NC,C,20-40,2
377,1.0,3,female,22.0,0,0,7.25,NC,S,20-40,1
378,0.0,1,male,27.0,0,2,211.5,C82,C,20-40,3
379,0.0,3,male,20.0,0,0,4.0125,NC,C,0-20,1
380,0.0,3,male,19.0,0,0,7.775,NC,S,0-20,1
381,1.0,1,female,42.0,0,0,227.525,NC,C,40-60,1
382,1.0,3,female,1.0,0,2,15.7417,NC,C,0-20,3
383,0.0,3,male,32.0,0,0,7.925,NC,S,20-40,1
384,1.0,1,female,35.0,1,0,52.0,NC,S,20-40,2
385,0.0,3,male,29.881137667304014,0,0,7.8958,NC,S,20-40,1
386,0.0,2,male,18.0,0,0,73.5,NC,S,0-20,1
387,0.0,3,male,1.0,5,2,46.9,NC,S,0-20,8
388,1.0,2,female,36.0,0,0,13.0,NC,S,20-40,1
389,0.0,3,male,29.881137667304014,0,0,7.7292,NC,Q,20-40,1
390,1.0,2,female,17.0,0,0,12.0,NC,C,0-20,1
391,1.0,1,male,36.0,1,2,120.0,B96 B98,S,20-40,4
392,1.0,3,male,21.0,0,0,7.7958,NC,S,20-40,1
393,0.0,3,male,28.0,2,0,7.925,NC,S,20-40,3
394,1.0,1,female,23.0,1,0,113.275,D36,C,20-40,2
395,1.0,3,female,24.0,0,2,16.7,G6,S,20-40,3
396,0.0,3,male,22.0,0,0,7.7958,NC,S,20-40,1
397,0.0,3,female,31.0,0,0,7.8542,NC,S,20-40,1
398,0.0,2,male,46.0,0,0,26.0,NC,S,40-60,1
399,0.0,2,male,23.0,0,0,10.5,NC,S,20-40,1
400,1.0,2,female,28.0,0,0,12.65,NC,S,20-40,1
401,1.0,3,male,39.0,0,0,7.925,NC,S,20-40,1
402,0.0,3,male,26.0,0,0,8.05,NC,S,20-40,1
403,0.0,3,female,21.0,1,0,9.825,NC,S,20-40,2
404,0.0,3,male,28.0,1,0,15.85,NC,S,20-40,2
405,0.0,3,female,20.0,0,0,8.6625,NC,S,0-20,1
406,0.0,2,male,34.0,1,0,21.0,NC,S,20-40,2
407,0.0,3,male,51.0,0,0,7.75,NC,S,40-60,1
408,1.0,2,male,3.0,1,1,18.75,NC,S,0-20,3
409,0.0,3,male,21.0,0,0,7.775,NC,S,20-40,1
410,0.0,3,female,29.881137667304014,3,1,25.4667,NC,S,20-40,5
411,0.0,3,male,29.881137667304014,0,0,7.8958,NC,S,20-40,1
412,0.0,3,male,29.881137667304014,0,0,6.8583,NC,Q,20-40,1
413,1.0,1,female,33.0,1,0,90.0,C78,Q,20-40,2
414,0.0,2,male,29.881137667304014,0,0,0.0,NC,S,20-40,1
415,1.0,3,male,44.0,0,0,7.925,NC,S,40-60,1
416,0.0,3,female,29.881137667304014,0,0,8.05,NC,S,20-40,1
417,1.0,2,female,34.0,1,1,32.5,NC,S,20-40,3
418,1.0,2,female,18.0,0,2,13.0,NC,S,0-20,3
419,0.0,2,male,30.0,0,0,13.0,NC,S,20-40,1
420,0.0,3,female,10.0,0,2,24.15,NC,S,0-20,3
421,0.0,3,male,29.881137667304014,0,0,7.8958,NC,C,20-40,1
422,0.0,3,male,21.0,0,0,7.7333,NC,Q,20-40,1
423,0.0,3,male,29.0,0,0,7.875,NC,S,20-40,1
424,0.0,3,female,28.0,1,1,14.4,NC,S,20-40,3
425,0.0,3,male,18.0,1,1,20.2125,NC,S,0-20,3
426,0.0,3,male,29.881137667304014,0,0,7.25,NC,S,20-40,1
427,1.0,2,female,28.0,1,0,26.0,NC,S,20-40,2
428,1.0,2,female,19.0,0,0,26.0,NC,S,0-20,1
429,0.0,3,male,29.881137667304014,0,0,7.75,NC,Q,20-40,1
430,1.0,3,male,32.0,0,0,8.05,E10,S,20-40,1
431,1.0,1,male,28.0,0,0,26.55,C52,S,20-40,1
432,1.0,3,female,29.881137667304014,1,0,16.1,NC,S,20-40,2
433,1.0,2,female,42.0,1,0,26.0,NC,S,40-60,2
434,0.0,3,male,17.0,0,0,7.125,NC,S,0-20,1
435,0.0,1,male,50.0,1,0,55.9,E44,S,40-60,2
436,1.0,1,female,14.0,1,2,120.0,B96 B98,S,0-20,4
437,0.0,3,female,21.0,2,2,34.375,NC,S,20-40,5
438,1.0,2,female,24.0,2,3,18.75,NC,S,20-40,6
439,0.0,1,male,64.0,1,4,263.0,C23 C25 C27,S,60-80,6
440,0.0,2,male,31.0,0,0,10.5,NC,S,20-40,1
441,1.0,2,female,45.0,1,1,26.25,NC,S,40-60,3
442,0.0,3,male,20.0,0,0,9.5,NC,S,0-20,1
443,0.0,3,male,25.0,1,0,7.775,NC,S,20-40,2
444,1.0,2,female,28.0,0,0,13.0,NC,S,20-40,1
445,1.0,3,male,29.881137667304014,0,0,8.1125,NC,S,20-40,1
446,1.0,1,male,4.0,0,2,81.8583,A34,S,0-20,3
447,1.0,2,female,13.0,0,1,19.5,NC,S,0-20,2
448,1.0,1,male,34.0,0,0,26.55,NC,S,20-40,1
449,1.0,3,female,5.0,2,1,19.2583,NC,C,0-20,4
450,1.0,1,male,52.0,0,0,30.5,C104,S,40-60,1
451,0.0,2,male,36.0,1,2,27.75,NC,S,20-40,4
452,0.0,3,male,29.881137667304014,1,0,19.9667,NC,S,20-40,2
453,0.0,1,male,30.0,0,0,27.75,C111,C,20-40,1
454,1.0,1,male,49.0,1,0,89.1042,C92,C,40-60,2
455,0.0,3,male,29.881137667304014,0,0,8.05,NC,S,20-40,1
456,1.0,3,male,29.0,0,0,7.8958,NC,C,20-40,1
457,0.0,1,male,65.0,0,0,26.55,E38,S,60-80,1
458,1.0,1,female,29.881137667304014,1,0,51.8625,D21,S,20-40,2
459,1.0,2,female,50.0,0,0,10.5,NC,S,40-60,1
460,0.0,3,male,29.881137667304014,0,0,7.75,NC,Q,20-40,1
461,1.0,1,male,48.0,0,0,26.55,E12,S,40-60,1
462,0.0,3,male,34.0,0,0,8.05,NC,S,20-40,1
463,0.0,1,male,47.0,0,0,38.5,E63,S,40-60,1
464,0.0,2,male,48.0,0,0,13.0,NC,S,40-60,1
465,0.0,3,male,29.881137667304014,0,0,8.05,NC,S,20-40,1
466,0.0,3,male,38.0,0,0,7.05,NC,S,20-40,1
467,0.0,2,male,29.881137667304014,0,0,0.0,NC,S,20-40,1
468,0.0,1,male,56.0,0,0,26.55,NC,S,40-60,1
469,0.0,3,male,29.881137667304014,0,0,7.725,NC,Q,20-40,1
470,1.0,3,female,0.75,2,1,19.2583,NC,C,0-20,4
471,0.0,3,male,29.881137667304014,0,0,7.25,NC,S,20-40,1
472,0.0,3,male,38.0,0,0,8.6625,NC,S,20-40,1
473,1.0,2,female,33.0,1,2,27.75,NC,S,20-40,4
474,1.0,2,female,23.0,0,0,13.7917,D,C,20-40,1
475,0.0,3,female,22.0,0,0,9.8375,NC,S,20-40,1
476,0.0,1,male,29.881137667304014,0,0,52.0,A14,S,20-40,1
477,0.0,2,male,34.0,1,0,21.0,NC,S,20-40,2
478,0.0,3,male,29.0,1,0,7.0458,NC,S,20-40,2
479,0.0,3,male,22.0,0,0,7.5208,NC,S,20-40,1
480,1.0,3,female,2.0,0,1,12.2875,NC,S,0-20,2
481,0.0,3,male,9.0,5,2,46.9,NC,S,0-20,8
482,0.0,2,male,29.881137667304014,0,0,0.0,NC,S,20-40,1
483,0.0,3,male,50.0,0,0,8.05,NC,S,40-60,1
484,1.0,3,female,63.0,0,0,9.5875,NC,S,60-80,1
485,1.0,1,male,25.0,1,0,91.0792,B49,C,20-40,2
486,0.0,3,female,29.881137667304014,3,1,25.4667,NC,S,20-40,5
487,1.0,1,female,35.0,1,0,90.0,C93,S,20-40,2
488,0.0,1,male,58.0,0,0,29.7,B37,C,40-60,1
489,0.0,3,male,30.0,0,0,8.05,NC,S,20-40,1
490,1.0,3,male,9.0,1,1,15.9,NC,S,0-20,3
491,0.0,3,male,29.881137667304014,1,0,19.9667,NC,S,20-40,2
492,0.0,3,male,21.0,0,0,7.25,NC,S,20-40,1
493,0.0,1,male,55.0,0,0,30.5,C30,S,40-60,1
494,0.0,1,male,71.0,0,0,49.5042,NC,C,60-80,1
495,0.0,3,male,21.0,0,0,8.05,NC,S,20-40,1
496,0.0,3,male,29.881137667304014,0,0,14.4583,NC,C,20-40,1
497,1.0,1,female,54.0,1,0,78.2667,D20,C,40-60,2
498,0.0,3,male,29.881137667304014,0,0,15.1,NC,S,20-40,1
499,0.0,1,female,25.0,1,2,151.55,C22 C26,S,20-40,4
500,0.0,3,male,24.0,0,0,7.7958,NC,S,20-40,1
501,0.0,3,male,17.0,0,0,8.6625,NC,S,0-20,1
502,0.0,3,female,21.0,0,0,7.75,NC,Q,20-40,1
503,0.0,3,female,29.881137667304014,0,0,7.6292,NC,Q,20-40,1
504,0.0,3,female,37.0,0,0,9.5875,NC,S,20-40,1
505,1.0,1,female,16.0,0,0,86.5,B79,S,0-20,1
506,0.0,1,male,18.0,1,0,108.9,C65,C,0-20,2
507,1.0,2,female,33.0,0,2,26.0,NC,S,20-40,3
508,1.0,1,male,29.881137667304014,0,0,26.55,NC,S,20-40,1
509,0.0,3,male,28.0,0,0,22.525,NC,S,20-40,1
510,1.0,3,male,26.0,0,0,56.4958,NC,S,20-40,1
511,1.0,3,male,29.0,0,0,7.75,NC,Q,20-40,1
512,0.0,3,male,29.881137667304014,0,0,8.05,NC,S,20-40,1
513,1.0,1,male,36.0,0,0,26.2875,E25,S,20-40,1
514,1.0,1,female,54.0,1,0,59.4,NC,C,40-60,2
515,0.0,3,male,24.0,0,0,7.4958,NC,S,20-40,1
516,0.0,1,male,47.0,0,0,34.0208,D46,S,40-60,1
517,1.0,2,female,34.0,0,0,10.5,F33,S,20-40,1
518,0.0,3,male,29.881137667304014,0,0,24.15,NC,Q,20-40,1
519,1.0,2,female,36.0,1,0,26.0,NC,S,20-40,2
520,0.0,3,male,32.0,0,0,7.8958,NC,S,20-40,1
521,1.0,1,female,30.0,0,0,93.5,B73,S,20-40,1
522,0.0,3,male,22.0,0,0,7.8958,NC,S,20-40,1
523,0.0,3,male,29.881137667304014,0,0,7.225,NC,C,20-40,1
524,1.0,1,female,44.0,0,1,57.9792,B18,C,40-60,2
525,0.0,3,male,29.881137667304014,0,0,7.2292,NC,C,20-40,1
526,0.0,3,male,40.5,0,0,7.75,NC,Q,40-60,1
527,1.0,2,female,50.0,0,0,10.5,NC,S,40-60,1
528,0.0,1,male,29.881137667304014,0,0,221.7792,C95,S,20-40,1
529,0.0,3,male,39.0,0,0,7.925,NC,S,20-40,1
530,0.0,2,male,23.0,2,1,11.5,NC,S,20-40,4
531,1.0,2,female,2.0,1,1,26.0,NC,S,0-20,3
532,0.0,3,male,29.881137667304014,0,0,7.2292,NC,C,20-40,1
533,0.0,3,male,17.0,1,1,7.2292,NC,C,0-20,3
534,1.0,3,female,29.881137667304014,0,2,22.3583,NC,C,20-40,3
535,0.0,3,female,30.0,0,0,8.6625,NC,S,20-40,1
536,1.0,2,female,7.0,0,2,26.25,NC,S,0-20,3
537,0.0,1,male,45.0,0,0,26.55,B38,S,40-60,1
538,1.0,1,female,30.0,0,0,106.425,NC,C,20-40,1
539,0.0,3,male,29.881137667304014,0,0,14.5,NC,S,20-40,1
540,1.0,1,female,22.0,0,2,49.5,B39,C,20-40,3
541,1.0,1,female,36.0,0,2,71.0,B22,S,20-40,3
542,0.0,3,female,9.0,4,2,31.275,NC,S,0-20,7
543,0.0,3,female,11.0,4,2,31.275,NC,S,0-20,7
544,1.0,2,male,32.0,1,0,26.0,NC,S,20-40,2
545,0.0,1,male,50.0,1,0,106.425,C86,C,40-60,2
546,0.0,1,male,64.0,0,0,26.0,NC,S,60-80,1
547,1.0,2,female,19.0,1,0,26.0,NC,S,0-20,2
548,1.0,2,male,29.881137667304014,0,0,13.8625,NC,C,20-40,1
549,0.0,3,male,33.0,1,1,20.525,NC,S,20-40,3
550,1.0,2,male,8.0,1,1,36.75,NC,S,0-20,3
551,1.0,1,male,17.0,0,2,110.8833,C70,C,0-20,3
552,0.0,2,male,27.0,0,0,26.0,NC,S,20-40,1
553,0.0,3,male,29.881137667304014,0,0,7.8292,NC,Q,20-40,1
554,1.0,3,male,22.0,0,0,7.225,NC,C,20-40,1
555,1.0,3,female,22.0,0,0,7.775,NC,S,20-40,1
556,0.0,1,male,62.0,0,0,26.55,NC,S,60-80,1
557,1.0,1,female,48.0,1,0,39.6,A16,C,40-60,2
558,0.0,1,male,29.881137667304014,0,0,227.525,NC,C,20-40,1
559,1.0,1,female,39.0,1,1,79.65,E67,S,20-40,3
560,1.0,3,female,36.0,1,0,17.4,NC,S,20-40,2
561,0.0,3,male,29.881137667304014,0,0,7.75,NC,Q,20-40,1
562,0.0,3,male,40.0,0,0,7.8958,NC,S,20-40,1
563,0.0,2,male,28.0,0,0,13.5,NC,S,20-40,1
564,0.0,3,male,29.881137667304014,0,0,8.05,NC,S,20-40,1
565,0.0,3,female,29.881137667304014,0,0,8.05,NC,S,20-40,1
566,0.0,3,male,24.0,2,0,24.15,NC,S,20-40,3
567,0.0,3,male,19.0,0,0,7.8958,NC,S,0-20,1
568,0.0,3,female,29.0,0,4,21.075,NC,S,20-40,5
569,0.0,3,male,29.881137667304014,0,0,7.2292,NC,C,20-40,1
570,1.0,3,male,32.0,0,0,7.8542,NC,S,20-40,1
571,1.0,2,male,62.0,0,0,10.5,NC,S,60-80,1
572,1.0,1,female,53.0,2,0,51.4792,C101,S,40-60,3
573,1.0,1,male,36.0,0,0,26.3875,E25,S,20-40,1
574,1.0,3,female,29.881137667304014,0,0,7.75,NC,Q,20-40,1
575,0.0,3,male,16.0,0,0,8.05,NC,S,0-20,1
576,0.0,3,male,19.0,0,0,14.5,NC,S,0-20,1
577,1.0,2,female,34.0,0,0,13.0,NC,S,20-40,1
578,1.0,1,female,39.0,1,0,55.9,E44,S,20-40,2
579,0.0,3,female,29.881137667304014,1,0,14.4583,NC,C,20-40,2
580,1.0,3,male,32.0,0,0,7.925,NC,S,20-40,1
581,1.0,2,female,25.0,1,1,30.0,NC,S,20-40,3
582,1.0,1,female,39.0,1,1,110.8833,C68,C,20-40,3
583,0.0,2,male,54.0,0,0,26.0,NC,S,40-60,1
584,0.0,1,male,36.0,0,0,40.125,A10,C,20-40,1
585,0.0,3,male,29.881137667304014,0,0,8.7125,NC,C,20-40,1
586,1.0,1,female,18.0,0,2,79.65,E68,S,0-20,3
587,0.0,2,male,47.0,0,0,15.0,NC,S,40-60,1
588,1.0,1,male,60.0,1,1,79.2,B41,C,40-60,3
589,0.0,3,male,22.0,0,0,8.05,NC,S,20-40,1
590,0.0,3,male,29.881137667304014,0,0,8.05,NC,S,20-40,1
591,0.0,3,male,35.0,0,0,7.125,NC,S,20-40,1
592,1.0,1,female,52.0,1,0,78.2667,D20,C,40-60,2
593,0.0,3,male,47.0,0,0,7.25,NC,S,40-60,1
594,0.0,3,female,29.881137667304014,0,2,7.75,NC,Q,20-40,3
595,0.0,2,male,37.0,1,0,26.0,NC,S,20-40,2
596,0.0,3,male,36.0,1,1,24.15,NC,S,20-40,3
597,1.0,2,female,29.881137667304014,0,0,33.0,NC,S,20-40,1
598,0.0,3,male,49.0,0,0,0.0,NC,S,40-60,1
599,0.0,3,male,29.881137667304014,0,0,7.225,NC,C,20-40,1
600,1.0,1,male,49.0,1,0,56.9292,A20,C,40-60,2
601,1.0,2,female,24.0,2,1,27.0,NC,S,20-40,4
602,0.0,3,male,29.881137667304014,0,0,7.8958,NC,S,20-40,1
603,0.0,1,male,29.881137667304014,0,0,42.4,NC,S,20-40,1
604,0.0,3,male,44.0,0,0,8.05,NC,S,40-60,1
605,1.0,1,male,35.0,0,0,26.55,NC,C,20-40,1
606,0.0,3,male,36.0,1,0,15.55,NC,S,20-40,2
607,0.0,3,male,30.0,0,0,7.8958,NC,S,20-40,1
608,1.0,1,male,27.0,0,0,30.5,NC,S,20-40,1
609,1.0,2,female,22.0,1,2,41.5792,NC,C,20-40,4
610,1.0,1,female,40.0,0,0,153.4625,C125,S,20-40,1
611,0.0,3,female,39.0,1,5,31.275,NC,S,20-40,7
612,0.0,3,male,29.881137667304014,0,0,7.05,NC,S,20-40,1
613,1.0,3,female,29.881137667304014,1,0,15.5,NC,Q,20-40,2
614,0.0,3,male,29.881137667304014,0,0,7.75,NC,Q,20-40,1
615,0.0,3,male,35.0,0,0,8.05,NC,S,20-40,1
616,1.0,2,female,24.0,1,2,65.0,NC,S,20-40,4
617,0.0,3,male,34.0,1,1,14.4,NC,S,20-40,3
618,0.0,3,female,26.0,1,0,16.1,NC,S,20-40,2
619,1.0,2,female,4.0,2,1,39.0,F4,S,0-20,4
620,0.0,2,male,26.0,0,0,10.5,NC,S,20-40,1
621,0.0,3,male,27.0,1,0,14.4542,NC,C,20-40,2
622,1.0,1,male,42.0,1,0,52.5542,D19,S,40-60,2
623,1.0,3,male,20.0,1,1,15.7417,NC,C,0-20,3
624,0.0,3,male,21.0,0,0,7.8542,NC,S,20-40,1
625,0.0,3,male,21.0,0,0,16.1,NC,S,20-40,1
626,0.0,1,male,61.0,0,0,32.3208,D50,S,60-80,1
627,0.0,2,male,57.0,0,0,12.35,NC,Q,40-60,1
628,1.0,1,female,21.0,0,0,77.9583,D9,S,20-40,1
629,0.0,3,male,26.0,0,0,7.8958,NC,S,20-40,1
630,0.0,3,male,29.881137667304014,0,0,7.7333,NC,Q,20-40,1
631,1.0,1,male,80.0,0,0,30.0,A23,S,60-80,1
632,0.0,3,male,51.0,0,0,7.0542,NC,S,40-60,1
633,1.0,1,male,32.0,0,0,30.5,B50,C,20-40,1
634,0.0,1,male,29.881137667304014,0,0,0.0,NC,S,20-40,1
635,0.0,3,female,9.0,3,2,27.9,NC,S,0-20,6
636,1.0,2,female,28.0,0,0,13.0,NC,S,20-40,1
637,0.0,3,male,32.0,0,0,7.925,NC,S,20-40,1
638,0.0,2,male,31.0,1,1,26.25,NC,S,20-40,3
639,0.0,3,female,41.0,0,5,39.6875,NC,S,40-60,6
640,0.0,3,male,29.881137667304014,1,0,16.1,NC,S,20-40,2
641,0.0,3,male,20.0,0,0,7.8542,NC,S,0-20,1
642,1.0,1,female,24.0,0,0,69.3,B35,C,20-40,1
643,0.0,3,female,2.0,3,2,27.9,NC,S,0-20,6
644,1.0,3,male,29.881137667304014,0,0,56.4958,NC,S,20-40,1
645,1.0,3,female,0.75,2,1,19.2583,NC,C,0-20,4
646,1.0,1,male,48.0,1,0,76.7292,D33,C,40-60,2
647,0.0,3,male,19.0,0,0,7.8958,NC,S,0-20,1
648,1.0,1,male,56.0,0,0,35.5,A26,C,40-60,1
649,0.0,3,male,29.881137667304014,0,0,7.55,NC,S,20-40,1
650,1.0,3,female,23.0,0,0,7.55,NC,S,20-40,1
651,0.0,3,male,29.881137667304014,0,0,7.8958,NC,S,20-40,1
652,1.0,2,female,18.0,0,1,23.0,NC,S,0-20,2
653,0.0,3,male,21.0,0,0,8.4333,NC,S,20-40,1
654,1.0,3,female,29.881137667304014,0,0,7.8292,NC,Q,20-40,1
655,0.0,3,female,18.0,0,0,6.75,NC,Q,0-20,1
656,0.0,2,male,24.0,2,0,73.5,NC,S,20-40,3
657,0.0,3,male,29.881137667304014,0,0,7.8958,NC,S,20-40,1
658,0.0,3,female,32.0,1,1,15.5,NC,Q,20-40,3
659,0.0,2,male,23.0,0,0,13.0,NC,S,20-40,1
660,0.0,1,male,58.0,0,2,113.275,D48,C,40-60,3
661,1.0,1,male,50.0,2,0,133.65,NC,S,40-60,3
662,0.0,3,male,40.0,0,0,7.225,NC,C,20-40,1
663,0.0,1,male,47.0,0,0,25.5875,E58,S,40-60,1
664,0.0,3,male,36.0,0,0,7.4958,NC,S,20-40,1
665,1.0,3,male,20.0,1,0,7.925,NC,S,0-20,2
666,0.0,2,male,32.0,2,0,73.5,NC,S,20-40,3
667,0.0,2,male,25.0,0,0,13.0,NC,S,20-40,1
668,0.0,3,male,29.881137667304014,0,0,7.775,NC,S,20-40,1
669,0.0,3,male,43.0,0,0,8.05,NC,S,40-60,1
670,1.0,1,female,29.881137667304014,1,0,52.0,C126,S,20-40,2
671,1.0,2,female,40.0,1,1,39.0,NC,S,20-40,3
672,0.0,1,male,31.0,1,0,52.0,B71,S,20-40,2
673,0.0,2,male,70.0,0,0,10.5,NC,S,60-80,1
674,1.0,2,male,31.0,0,0,13.0,NC,S,20-40,1
675,0.0,2,male,29.881137667304014,0,0,0.0,NC,S,20-40,1
676,0.0,3,male,18.0,0,0,7.775,NC,S,0-20,1
677,0.0,3,male,24.5,0,0,8.05,NC,S,20-40,1
678,1.0,3,female,18.0,0,0,9.8417,NC,S,0-20,1
679,0.0,3,female,43.0,1,6,46.9,NC,S,40-60,8
680,1.0,1,male,36.0,0,1,512.3292,B51 B53 B55,C,20-40,2
681,0.0,3,female,29.881137667304014,0,0,8.1375,NC,Q,20-40,1
682,1.0,1,male,27.0,0,0,76.7292,D49,C,20-40,1
683,0.0,3,male,20.0,0,0,9.225,NC,S,0-20,1
684,0.0,3,male,14.0,5,2,46.9,NC,S,0-20,8
685,0.0,2,male,60.0,1,1,39.0,NC,S,40-60,3
686,0.0,2,male,25.0,1,2,41.5792,NC,C,20-40,4
687,0.0,3,male,14.0,4,1,39.6875,NC,S,0-20,6
688,0.0,3,male,19.0,0,0,10.1708,NC,S,0-20,1
689,0.0,3,male,18.0,0,0,7.7958,NC,S,0-20,1
690,1.0,1,female,15.0,0,1,211.3375,B5,S,0-20,2
691,1.0,1,male,31.0,1,0,57.0,B20,S,20-40,2
692,1.0,3,female,4.0,0,1,13.4167,NC,C,0-20,2
693,1.0,3,male,29.881137667304014,0,0,56.4958,NC,S,20-40,1
694,0.0,3,male,25.0,0,0,7.225,NC,C,20-40,1
695,0.0,1,male,60.0,0,0,26.55,NC,S,40-60,1
696,0.0,2,male,52.0,0,0,13.5,NC,S,40-60,1
697,0.0,3,male,44.0,0,0,8.05,NC,S,40-60,1
698,1.0,3,female,29.881137667304014,0,0,7.7333,NC,Q,20-40,1
699,0.0,1,male,49.0,1,1,110.8833,C68,C,40-60,3
700,0.0,3,male,42.0,0,0,7.65,F G63,S,40-60,1
701,1.0,1,female,18.0,1,0,227.525,C62 C64,C,0-20,2
702,1.0,1,male,35.0,0,0,26.2875,E24,S,20-40,1
703,0.0,3,female,18.0,0,1,14.4542,NC,C,0-20,2
704,0.0,3,male,25.0,0,0,7.7417,NC,Q,20-40,1
705,0.0,3,male,26.0,1,0,7.8542,NC,S,20-40,2
706,0.0,2,male,39.0,0,0,26.0,NC,S,20-40,1
707,1.0,2,female,45.0,0,0,13.5,NC,S,40-60,1
708,1.0,1,male,42.0,0,0,26.2875,E24,S,40-60,1
709,1.0,1,female,22.0,0,0,151.55,NC,S,20-40,1
710,1.0,3,male,29.881137667304014,1,1,15.2458,NC,C,20-40,3
711,1.0,1,female,24.0,0,0,49.5042,C90,C,20-40,1
712,0.0,1,male,29.881137667304014,0,0,26.55,C124,S,20-40,1
713,1.0,1,male,48.0,1,0,52.0,C126,S,40-60,2
714,0.0,3,male,29.0,0,0,9.4833,NC,S,20-40,1
715,0.0,2,male,52.0,0,0,13.0,NC,S,40-60,1
716,0.0,3,male,19.0,0,0,7.65,F G73,S,0-20,1
717,1.0,1,female,38.0,0,0,227.525,C45,C,20-40,1
718,1.0,2,female,27.0,0,0,10.5,E101,S,20-40,1
719,0.0,3,male,29.881137667304014,0,0,15.5,NC,Q,20-40,1
720,0.0,3,male,33.0,0,0,7.775,NC,S,20-40,1
721,1.0,2,female,6.0,0,1,33.0,NC,S,0-20,2
722,0.0,3,male,17.0,1,0,7.0542,NC,S,0-20,2
723,0.0,2,male,34.0,0,0,13.0,NC,S,20-40,1
724,0.0,2,male,50.0,0,0,13.0,NC,S,40-60,1
725,1.0,1,male,27.0,1,0,53.1,E8,S,20-40,2
726,0.0,3,male,20.0,0,0,8.6625,NC,S,0-20,1
727,1.0,2,female,30.0,3,0,21.0,NC,S,20-40,4
728,1.0,3,female,29.881137667304014,0,0,7.7375,NC,Q,20-40,1
729,0.0,2,male,25.0,1,0,26.0,NC,S,20-40,2
730,0.0,3,female,25.0,1,0,7.925,NC,S,20-40,2
731,1.0,1,female,29.0,0,0,211.3375,B5,S,20-40,1
732,0.0,3,male,11.0,0,0,18.7875,NC,C,0-20,1
733,0.0,2,male,29.881137667304014,0,0,0.0,NC,S,20-40,1
734,0.0,2,male,23.0,0,0,13.0,NC,S,20-40,1
735,0.0,2,male,23.0,0,0,13.0,NC,S,20-40,1
736,0.0,3,male,28.5,0,0,16.1,NC,S,20-40,1
737,0.0,3,female,48.0,1,3,34.375,NC,S,40-60,5
738,1.0,1,male,35.0,0,0,512.3292,B101,C,20-40,1
739,0.0,3,male,29.881137667304014,0,0,7.8958,NC,S,20-40,1
740,0.0,3,male,29.881137667304014,0,0,7.8958,NC,S,20-40,1
741,1.0,1,male,29.881137667304014,0,0,30.0,D45,S,20-40,1
742,0.0,1,male,36.0,1,0,78.85,C46,S,20-40,2
743,1.0,1,female,21.0,2,2,262.375,B57 B59 B63 B66,C,20-40,5
744,0.0,3,male,24.0,1,0,16.1,NC,S,20-40,2
745,1.0,3,male,31.0,0,0,7.925,NC,S,20-40,1
746,0.0,1,male,70.0,1,1,71.0,B22,S,60-80,3
747,0.0,3,male,16.0,1,1,20.25,NC,S,0-20,3
748,1.0,2,female,30.0,0,0,13.0,NC,S,20-40,1
749,0.0,1,male,19.0,1,0,53.1,D30,S,0-20,2
750,0.0,3,male,31.0,0,0,7.75,NC,Q,20-40,1
751,1.0,2,female,4.0,1,1,23.0,NC,S,0-20,3
752,1.0,3,male,6.0,0,1,12.475,E121,S,0-20,2
753,0.0,3,male,33.0,0,0,9.5,NC,S,20-40,1
754,0.0,3,male,23.0,0,0,7.8958,NC,S,20-40,1
755,1.0,2,female,48.0,1,2,65.0,NC,S,40-60,4
756,1.0,2,male,0.67,1,1,14.5,NC,S,0-20,3
757,0.0,3,male,28.0,0,0,7.7958,NC,S,20-40,1
758,0.0,2,male,18.0,0,0,11.5,NC,S,0-20,1
759,0.0,3,male,34.0,0,0,8.05,NC,S,20-40,1
760,1.0,1,female,33.0,0,0,86.5,B77,S,20-40,1
761,0.0,3,male,29.881137667304014,0,0,14.5,NC,S,20-40,1
762,0.0,3,male,41.0,0,0,7.125,NC,S,40-60,1
763,1.0,3,male,20.0,0,0,7.2292,NC,C,0-20,1
764,1.0,1,female,36.0,1,2,120.0,B96 B98,S,20-40,4
765,0.0,3,male,16.0,0,0,7.775,NC,S,0-20,1
766,1.0,1,female,51.0,1,0,77.9583,D11,S,40-60,2
767,0.0,1,male,29.881137667304014,0,0,39.6,NC,C,20-40,1
768,0.0,3,female,30.5,0,0,7.75,NC,Q,20-40,1
769,0.0,3,male,29.881137667304014,1,0,24.15,NC,Q,20-40,2
770,0.0,3,male,32.0,0,0,8.3625,NC,S,20-40,1
771,0.0,3,male,24.0,0,0,9.5,NC,S,20-40,1
772,0.0,3,male,48.0,0,0,7.8542,NC,S,40-60,1
773,0.0,2,female,57.0,0,0,10.5,E77,S,40-60,1
774,0.0,3,male,29.881137667304014,0,0,7.225,NC,C,20-40,1
775,1.0,2,female,54.0,1,3,23.0,NC,S,40-60,5
776,0.0,3,male,18.0,0,0,7.75,NC,S,0-20,1
777,0.0,3,male,29.881137667304014,0,0,7.75,F38,Q,20-40,1
778,1.0,3,female,5.0,0,0,12.475,NC,S,0-20,1
779,0.0,3,male,29.881137667304014,0,0,7.7375,NC,Q,20-40,1
780,1.0,1,female,43.0,0,1,211.3375,B3,S,40-60,2
781,1.0,3,female,13.0,0,0,7.2292,NC,C,0-20,1
782,1.0,1,female,17.0,1,0,57.0,B20,S,0-20,2
783,0.0,1,male,29.0,0,0,30.0,D6,S,20-40,1
784,0.0,3,male,29.881137667304014,1,2,23.45,NC,S,20-40,4
785,0.0,3,male,25.0,0,0,7.05,NC,S,20-40,1
786,0.0,3,male,25.0,0,0,7.25,NC,S,20-40,1
787,1.0,3,female,18.0,0,0,7.4958,NC,S,0-20,1
788,0.0,3,male,8.0,4,1,29.125,NC,Q,0-20,6
789,1.0,3,male,1.0,1,2,20.575,NC,S,0-20,4
790,0.0,1,male,46.0,0,0,79.2,B82 B84,C,40-60,1
791,0.0,3,male,29.881137667304014,0,0,7.75,NC,Q,20-40,1
792,0.0,2,male,16.0,0,0,26.0,NC,S,0-20,1
793,0.0,3,female,29.881137667304014,8,2,69.55,NC,S,20-40,11
794,0.0,1,male,29.881137667304014,0,0,30.6958,NC,C,20-40,1
795,0.0,3,male,25.0,0,0,7.8958,NC,S,20-40,1
796,0.0,2,male,39.0,0,0,13.0,NC,S,20-40,1
797,1.0,1,female,49.0,0,0,25.9292,D17,S,40-60,1
798,1.0,3,female,31.0,0,0,8.6833,NC,S,20-40,1
799,0.0,3,male,30.0,0,0,7.2292,NC,C,20-40,1
800,0.0,3,female,30.0,1,1,24.15,NC,S,20-40,3
801,0.0,2,male,34.0,0,0,13.0,NC,S,20-40,1
802,1.0,2,female,31.0,1,1,26.25,NC,S,20-40,3
803,1.0,1,male,11.0,1,2,120.0,B96 B98,S,0-20,4
804,1.0,3,male,0.42,0,1,8.5167,NC,C,0-20,2
805,1.0,3,male,27.0,0,0,6.975,NC,S,20-40,1
806,0.0,3,male,31.0,0,0,7.775,NC,S,20-40,1
807,0.0,1,male,39.0,0,0,0.0,A36,S,20-40,1
808,0.0,3,female,18.0,0,0,7.775,NC,S,0-20,1
809,0.0,2,male,39.0,0,0,13.0,NC,S,20-40,1
810,1.0,1,female,33.0,1,0,53.1,E8,S,20-40,2
811,0.0,3,male,26.0,0,0,7.8875,NC,S,20-40,1
812,0.0,3,male,39.0,0,0,24.15,NC,S,20-40,1
813,0.0,2,male,35.0,0,0,10.5,NC,S,20-40,1
814,0.0,3,female,6.0,4,2,31.275,NC,S,0-20,7
815,0.0,3,male,30.5,0,0,8.05,NC,S,20-40,1
816,0.0,1,male,29.881137667304014,0,0,0.0,B102,S,20-40,1
817,0.0,3,female,23.0,0,0,7.925,NC,S,20-40,1
818,0.0,2,male,31.0,1,1,37.0042,NC,C,20-40,3
819,0.0,3,male,43.0,0,0,6.45,NC,S,40-60,1
820,0.0,3,male,10.0,3,2,27.9,NC,S,0-20,6
821,1.0,1,female,52.0,1,1,93.5,B69,S,40-60,3
822,1.0,3,male,27.0,0,0,8.6625,NC,S,20-40,1
823,0.0,1,male,38.0,0,0,0.0,NC,S,20-40,1
824,1.0,3,female,27.0,0,1,12.475,E121,S,20-40,2
825,0.0,3,male,2.0,4,1,39.6875,NC,S,0-20,6
826,0.0,3,male,29.881137667304014,0,0,6.95,NC,Q,20-40,1
827,0.0,3,male,29.881137667304014,0,0,56.4958,NC,S,20-40,1
828,1.0,2,male,1.0,0,2,37.0042,NC,C,0-20,3
829,1.0,3,male,29.881137667304014,0,0,7.75,NC,Q,20-40,1
830,1.0,1,female,62.0,0,0,80.0,B28,S,60-80,1
831,1.0,3,female,15.0,1,0,14.4542,NC,C,0-20,2
832,1.0,2,male,0.83,1,1,18.75,NC,S,0-20,3
833,0.0,3,male,29.881137667304014,0,0,7.2292,NC,C,20-40,1
834,0.0,3,male,23.0,0,0,7.8542,NC,S,20-40,1
835,0.0,3,male,18.0,0,0,8.3,NC,S,0-20,1
836,1.0,1,female,39.0,1,1,83.1583,E49,C,20-40,3
837,0.0,3,male,21.0,0,0,8.6625,NC,S,20-40,1
838,0.0,3,male,29.881137667304014,0,0,8.05,NC,S,20-40,1
839,1.0,3,male,32.0,0,0,56.4958,NC,S,20-40,1
840,1.0,1,male,29.881137667304014,0,0,29.7,C47,C,20-40,1
841,0.0,3,male,20.0,0,0,7.925,NC,S,0-20,1
842,0.0,2,male,16.0,0,0,10.5,NC,S,0-20,1
843,1.0,1,female,30.0,0,0,31.0,NC,C,20-40,1
844,0.0,3,male,34.5,0,0,6.4375,NC,C,20-40,1
845,0.0,3,male,17.0,0,0,8.6625,NC,S,0-20,1
846,0.0,3,male,42.0,0,0,7.55,NC,S,40-60,1
847,0.0,3,male,29.881137667304014,8,2,69.55,NC,S,20-40,11
848,0.0,3,male,35.0,0,0,7.8958,NC,C,20-40,1
849,0.0,2,male,28.0,0,1,33.0,NC,S,20-40,2
850,1.0,1,female,29.881137667304014,1,0,89.1042,C92,C,20-40,2
851,0.0,3,male,4.0,4,2,31.275,NC,S,0-20,7
852,0.0,3,male,74.0,0,0,7.775,NC,S,60-80,1
853,0.0,3,female,9.0,1,1,15.2458,NC,C,0-20,3
854,1.0,1,female,16.0,0,1,39.4,D28,S,0-20,2
855,0.0,2,female,44.0,1,0,26.0,NC,S,40-60,2
856,1.0,3,female,18.0,0,1,9.35,NC,S,0-20,2
857,1.0,1,female,45.0,1,1,164.8667,NC,S,40-60,3
858,1.0,1,male,51.0,0,0,26.55,E17,S,40-60,1
859,1.0,3,female,24.0,0,3,19.2583,NC,C,20-40,4
860,0.0,3,male,29.881137667304014,0,0,7.2292,NC,C,20-40,1
861,0.0,3,male,41.0,2,0,14.1083,NC,S,40-60,3
862,0.0,2,male,21.0,1,0,11.5,NC,S,20-40,2
863,1.0,1,female,48.0,0,0,25.9292,D17,S,40-60,1
864,0.0,3,female,29.881137667304014,8,2,69.55,NC,S,20-40,11
865,0.0,2,male,24.0,0,0,13.0,NC,S,20-40,1
866,1.0,2,female,42.0,0,0,13.0,NC,S,40-60,1
867,1.0,2,female,27.0,1,0,13.8583,NC,C,20-40,2
868,0.0,1,male,31.0,0,0,50.4958,A24,S,20-40,1
869,0.0,3,male,29.881137667304014,0,0,9.5,NC,S,20-40,1
870,1.0,3,male,4.0,1,1,11.1333,NC,S,0-20,3
871,0.0,3,male,26.0,0,0,7.8958,NC,S,20-40,1
872,1.0,1,female,47.0,1,1,52.5542,D35,S,40-60,3
873,0.0,1,male,33.0,0,0,5.0,B51 B53 B55,S,20-40,1
874,0.0,3,male,47.0,0,0,9.0,NC,S,40-60,1
875,1.0,2,female,28.0,1,0,24.0,NC,C,20-40,2
876,1.0,3,female,15.0,0,0,7.225,NC,C,0-20,1
877,0.0,3,male,20.0,0,0,9.8458,NC,S,0-20,1
878,0.0,3,male,19.0,0,0,7.8958,NC,S,0-20,1
879,0.0,3,male,29.881137667304014,0,0,7.8958,NC,S,20-40,1
880,1.0,1,female,56.0,0,1,83.1583,C50,C,40-60,2
881,1.0,2,female,25.0,0,1,26.0,NC,S,20-40,2
882,0.0,3,male,33.0,0,0,7.8958,NC,S,20-40,1
883,0.0,3,female,22.0,0,0,10.5167,NC,S,20-40,1
884,0.0,2,male,28.0,0,0,10.5,NC,S,20-40,1
885,0.0,3,male,25.0,0,0,7.05,NC,S,20-40,1
886,0.0,3,female,39.0,0,5,29.125,NC,Q,20-40,6
887,0.0,2,male,27.0,0,0,13.0,NC,S,20-40,1
888,1.0,1,female,19.0,0,0,30.0,B42,S,0-20,1
889,0.0,3,female,29.881137667304014,1,2,23.45,NC,S,20-40,4
890,1.0,1,male,26.0,0,0,30.0,C148,C,20-40,1
891,0.0,3,male,32.0,0,0,7.75,NC,Q,20-40,1
